Group_A,Group_B,observed_diff_pct_points,power_at_1_day,power_at_full_dataset
Google Ads,YouTube,0.03180725223415,0.03333333333333333,0.9333333333333333
Google Ads,Instagram,0.02099099149034,0.04,0.6233333333333333
Google Ads,Email,0.02402617174788,0.07666666666666666,0.74
YouTube,Website,0.04826956680412,0.06333333333333334,1.0
YouTube,Facebook,0.04219526370493,0.06,0.9933333333333333
YouTube,Email,0.055833423982040005,0.06666666666666667,1.0
Instagram,Website,0.03745330606031,0.05,0.9766666666666667
Instagram,Facebook,0.03137900296111,0.05,0.9233333333333333
Instagram,Email,0.04501716323822,0.06333333333333334,1.0
